support,apriori_time,eclat_time,apriori_rules,eclat_rules
0.01,8.460293292999268,0.22699832916259766,84,82
0.03,0.2337050437927246,0.04993152618408203,5,5
0.05,0.04720115661621094,0.0,1,1
